fragment,frag_id,count,nN,nS,nO,nX,nBondsD,nBondsT,naRing,nARing,class,class_num,class_id
CC,0,23568756,0,0,0,0,0,0,0,0,00000000,2,0
CN,1,19360804,1,0,0,0,0,0,0,0,10000000,3,22
C,2,16215117,0,0,0,0,0,0,0,0,00000000,2,0
C=O,3,6971706,0,0,1,0,1,0,0,0,00101000,1,10
C1=CC=CC=C1,4,6809589,0,0,0,0,0,0,1,0,00000010,1,2
CO,5,6087194,0,0,1,0,0,0,0,0,00100000,1,7
CF,6,2052989,0,0,0,1,0,0,0,0,00010000,3,6
N,7,1978094,1,0,0,0,0,0,0,0,10000000,3,22
CS,8,1945882,0,1,0,0,0,0,0,0,01000000,2,13
S,9,1903989,0,1,0,0,0,0,0,0,01000000,2,13
O=S,10,1579060,0,1,1,0,1,0,0,0,01101000,1,20
C1=C[NH]N=C1,11,1024497,2,0,0,0,0,0,1,0,10000010,21,24
NS,12,977335,1,1,0,0,0,0,0,0,11000000,1,33
C1=CC=NC=C1,13,909074,1,0,0,0,0,0,1,0,10000010,21,24
C1CCNCC1,14,723041,1,0,0,0,0,0,0,1,10000001,63,23
CCl,15,671972,0,0,0,1,0,0,0,0,00010000,3,6
C1CCNC1,16,582555,1,0,0,0,0,0,0,1,10000001,63,23
C1=CSC=C1,17,437006,0,1,0,0,0,0,1,0,01000010,1,15
C1=CSC=N1,18,380921,1,1,0,0,0,0,1,0,11000010,7,35
C#N,19,380273,1,0,0,0,0,1,0,0,10000100,1,25
C1CNCCN1,20,373412,2,0,0,0,0,0,0,1,10000001,63,23
C1CC1,21,370384,0,0,0,0,0,0,0,1,00000001,18,1
C1COCCN1,22,337770,1,0,1,0,0,0,0,1,10100001,33,30
C1=COC=C1,23,321884,0,0,1,0,0,0,1,0,00100010,1,9
C1=CN=CN=C1,24,304622,2,0,0,0,0,0,1,0,10000010,21,24
C1=CCNC=C1,25,289694,1,0,0,0,2,0,0,1,10001001,123,27
C1=C[NH]C=C1,26,262936,1,0,0,0,0,0,1,0,10000010,21,24
C1=CON=C1,27,244770,1,0,1,0,0,0,1,0,10100010,6,31
C1=C[NH]C=N1,28,222492,2,0,0,0,0,0,1,0,10000010,21,24
C1=CNCNC1,29,203745,2,0,0,0,1,0,0,1,10001001,123,27
C1=NN=C[NH]1,30,189982,3,0,0,0,0,0,1,0,10000010,21,24
C1=CN=CNC1,31,188614,2,0,0,0,2,0,0,1,10001001,123,27
C1CCCCC1,32,184198,0,0,0,0,0,0,0,1,00000001,18,1
C1CCCC1,33,165538,0,0,0,0,0,0,0,1,00000001,18,1
CBr,34,164472,0,0,0,1,0,0,0,0,00010000,3,6
C1=N[NH]C=N1,35,163730,3,0,0,0,0,0,1,0,10000010,21,24
C1=NCCN1,36,150261,2,0,0,0,1,0,0,1,10001001,123,27
C1CCOC1,37,140287,0,0,1,0,0,0,0,1,00100001,29,8
C1=NOC=N1,38,136116,2,0,1,0,0,0,1,0,10100010,6,31
C1=CNCC1,39,115763,1,0,0,0,1,0,0,1,10001001,123,27
C1=CCNN=C1,40,112260,2,0,0,0,2,0,0,1,10001001,123,27
C=C,41,100359,0,0,0,0,1,0,0,0,00001000,1,4
C1=CCCC=C1,42,98264,0,0,0,0,2,0,0,1,00001001,28,5
C1=CNCN=C1,43,94266,2,0,0,0,2,0,0,1,10001001,123,27
C1=CCNCC1,44,91016,1,0,0,0,1,0,0,1,10001001,123,27
C1CCOCC1,45,84532,0,0,1,0,0,0,0,1,00100001,29,8
C1=C[NH]N=N1,46,76643,3,0,0,0,0,0,1,0,10000010,21,24
C1=NN=CS1,47,66270,2,1,0,0,0,0,1,0,11000010,7,35
C1=NN=N[NH]1,48,66012,4,0,0,0,0,0,1,0,10000010,21,24
C1=CCCCC1,49,65964,0,0,0,0,1,0,0,1,00001001,28,5
C1CCC1,50,63321,0,0,0,0,0,0,0,1,00000001,18,1
C1=CNCCC1,51,62604,1,0,0,0,1,0,0,1,10001001,123,27
C1CNCNC1,52,62369,2,0,0,0,0,0,0,1,10000001,63,23
C1=NCCCN1,53,60306,2,0,0,0,1,0,0,1,10001001,123,27
C1CNCN1,54,58233,2,0,0,0,0,0,0,1,10000001,63,23
C#C,55,57008,0,0,0,0,0,1,0,0,00000100,1,3
C1=NN=CO1,56,56334,2,0,1,0,0,0,1,0,10100010,6,31
C1=COC=N1,57,55048,1,0,1,0,0,0,1,0,10100010,6,31
C1=NNCC1,58,54963,2,0,0,0,1,0,0,1,10001001,123,27
C1COCO1,59,53201,0,0,2,0,0,0,0,1,00100001,29,8
C1=CN=CC=N1,60,49701,2,0,0,0,0,0,1,0,10000010,21,24
C1=COCC1,61,48142,0,0,1,0,1,0,0,1,00101001,26,11
C1CNCCNC1,62,46134,2,0,0,0,0,0,0,1,10000001,63,23
C1=NNCN1,63,45563,3,0,0,0,1,0,0,1,10001001,123,27
C1CCCNCC1,64,45515,1,0,0,0,0,0,0,1,10000001,63,23
C1=CSCN1,65,42748,1,1,0,0,1,0,0,1,11001001,59,37
C1=NNCCC1,66,42620,2,0,0,0,1,0,0,1,10001001,123,27
C1=CCOCC1,67,41772,0,0,1,0,1,0,0,1,00101001,26,11
C1COCN1,68,40530,1,0,1,0,0,0,0,1,10100001,33,30
C1COCCO1,69,37395,0,0,2,0,0,0,0,1,00100001,29,8
C1=NCCS1,70,34211,1,1,0,0,1,0,0,1,11001001,59,37
C1=CCCN=C1,71,33245,1,0,0,0,2,0,0,1,10001001,123,27
C1=CCCC1,72,31336,0,0,0,0,1,0,0,1,00001001,28,5
C1CNC1,73,30474,1,0,0,0,0,0,0,1,10000001,63,23
C1=CSCC1,74,29787,0,1,0,0,1,0,0,1,01001001,12,17
NN,75,27259,2,0,0,0,0,0,0,0,10000000,3,22
C1CNSC1,76,24732,1,1,0,0,0,0,0,1,11000001,24,34
C1=CNC=CC1,77,23638,1,0,0,0,2,0,0,1,10001001,123,27
C1CSCCN1,78,20830,1,1,0,0,0,0,0,1,11000001,24,34
C1=COCCC1,79,20718,0,0,1,0,1,0,0,1,00101001,26,11
C1=CN=NC=C1,80,20244,2,0,0,0,0,0,1,0,10000010,21,24
C=N,81,18627,1,0,0,0,1,0,0,0,10001000,1,26
OS,82,18355,0,1,1,0,0,0,0,0,01100000,1,18
C1=NCCNC1,83,16521,2,0,0,0,1,0,0,1,10001001,123,27
C1=CN=CCC1,84,16330,1,0,0,0,2,0,0,1,10001001,123,27
C1=NCCO1,85,14993,1,0,1,0,1,0,0,1,10101001,33,32
C1=NC=NCC1,86,14496,2,0,0,0,2,0,0,1,10001001,123,27
C1CNCCOC1,87,14400,1,0,1,0,0,0,0,1,10100001,33,30
C1=CSN=C1,88,14225,1,1,0,0,0,0,1,0,11000010,7,35
C1=NNCS1,89,13801,2,1,0,0,1,0,0,1,11001001,59,37
C1=CSN=N1,90,13743,2,1,0,0,0,0,1,0,11000010,7,35
C1=CNCN1,91,13092,2,0,0,0,1,0,0,1,10001001,123,27
C1CC2CCC1C2,92,13027,0,0,0,0,0,0,0,2,00000001,18,1
C1CSCN1,93,12878,1,1,0,0,0,0,0,1,11000001,24,34
C1=NC=NC=N1,94,12870,3,0,0,0,0,0,1,0,10000010,21,24
C1=CNNC1,95,12275,2,0,0,0,1,0,0,1,10001001,123,27
C1=N[NH]N=N1,96,11679,4,0,0,0,0,0,1,0,10000010,21,24
C1CCCCCC1,97,11556,0,0,0,0,0,0,0,1,00000001,18,1
C1=COC=CC1,98,11219,0,0,1,0,2,0,0,1,00101001,26,11
C1=NOCC1,99,10851,1,0,1,0,1,0,0,1,10101001,33,32
C1=CCOC=C1,100,10688,0,0,1,0,2,0,0,1,00101001,26,11
C1=NCCN=C1,101,10668,2,0,0,0,2,0,0,1,10001001,123,27
C1CNN=N1,102,10515,3,0,0,0,1,0,0,1,10001001,123,27
C1=CNCC=N1,103,10334,2,0,0,0,2,0,0,1,10001001,123,27
C1=N[NH]N=C1,104,9954,3,0,0,0,0,0,1,0,10000010,21,24
C1=CC=NN=C1,105,8813,2,0,0,0,0,0,1,0,10000010,21,24
C1=CCNC1,106,8779,1,0,0,0,1,0,0,1,10001001,123,27
C1=CCN=C1,107,8458,1,0,0,0,2,0,0,1,10001001,123,27
C1=COCCO1,108,8390,0,0,2,0,1,0,0,1,00101001,26,11
C1CN=NNC1,109,8273,3,0,0,0,1,0,0,1,10001001,123,27
C1=NSCC1,110,7751,1,1,0,0,1,0,0,1,11001001,59,37
C1=NON=C1,111,7597,2,0,1,0,0,0,1,0,10100010,6,31
C1C2CC3CC1CC(C2)C3,112,7499,0,0,0,0,0,0,0,4,00000001,18,1
C1=CNN=CC1,113,7065,2,0,0,0,2,0,0,1,10001001,123,27
C1=NN=CNC1,114,6987,3,0,0,0,2,0,0,1,10001001,123,27
C1COCCOC1,115,6371,0,0,2,0,0,0,0,1,00100001,29,8
C1=NNCCN1,116,6290,3,0,0,0,1,0,0,1,10001001,123,27
C1=NNCO1,117,6255,2,0,1,0,1,0,0,1,10101001,33,32
C1=COCO1,118,6131,0,0,2,0,1,0,0,1,00101001,26,11
C1=NSC=N1,119,5941,2,1,0,0,0,0,1,0,11000010,7,35
C1=CNC=NC1,120,5390,2,0,0,0,2,0,0,1,10001001,123,27
C1=CNCCN1,121,5266,2,0,0,0,1,0,0,1,10001001,123,27
C1=COCCN1,122,5198,1,0,1,0,1,0,0,1,10101001,33,32
C1=NSCCN1,123,5006,2,1,0,0,1,0,0,1,11001001,59,37
C1CNCOC1,124,4992,1,0,1,0,0,0,0,1,10100001,33,30
C1=NCNCC1,125,4792,2,0,0,0,1,0,0,1,10001001,123,27
C1=CN=CC1,126,4451,1,0,0,0,2,0,0,1,10001001,123,27
C1=NNCNC1,127,4172,3,0,0,0,1,0,0,1,10001001,123,27
C1CCSNC1,128,4041,1,1,0,0,0,0,0,1,11000001,24,34
C1COCOC1,129,3971,0,0,2,0,0,0,0,1,00100001,29,8
C1CC2CNCC1CN2,130,3969,2,0,0,0,0,0,0,3,10000001,63,23
C1CC2CCC1O2,131,3740,0,0,1,0,0,0,0,2,00100001,29,8
C1=NOCN1,132,3553,2,0,1,0,1,0,0,1,10101001,33,32
C1=CNCN=N1,133,3442,3,0,0,0,2,0,0,1,10001001,123,27
C1CCSCC1,134,3352,0,1,0,0,0,0,0,1,01000001,5,14
C1=CCNCCC1,135,3141,1,0,0,0,1,0,0,1,10001001,123,27
C1CNCCSC1,136,3111,1,1,0,0,0,0,0,1,11000001,24,34
C1=CCCNCC1,137,2997,1,0,0,0,1,0,0,1,10001001,123,27
C1=NC=NN=C1,138,2950,3,0,0,0,0,0,1,0,10000010,21,24
C1CC2CC1CO2,139,2753,0,0,1,0,0,0,0,2,00100001,29,8
C1=CCOC1,140,2750,0,0,1,0,1,0,0,1,00101001,26,11
C1CNCSC1,141,2690,1,1,0,0,0,0,0,1,11000001,24,34
C1=CCCCCC1,142,2679,0,0,0,0,1,0,0,1,00001001,28,5
C1NN=NN1,143,2519,4,0,0,0,1,0,0,1,10001001,123,27
C1CNNC1,144,2372,2,0,0,0,0,0,0,1,10000001,63,23
C1COC1,145,2355,0,0,1,0,0,0,0,1,00100001,29,8
C1=CC2CCC1C2,146,2295,0,0,0,0,1,0,0,2,00001001,28,5
C1NCNCN1,147,2281,3,0,0,0,0,0,0,1,10000001,63,23
C1CCSC1,148,2048,0,1,0,0,0,0,0,1,01000001,5,14
C1CC2CC1CN2,149,1879,1,0,0,0,0,0,0,2,10000001,63,23
C1CCNNC1,150,1874,2,0,0,0,0,0,0,1,10000001,63,23
C1=NN=CCC1,151,1832,2,0,0,0,2,0,0,1,10001001,123,27
C1=COCN1,152,1784,1,0,1,0,1,0,0,1,10101001,33,32
C1CCCOCC1,153,1784,0,0,1,0,0,0,0,1,00100001,29,8
C1=CSNC1,154,1762,1,1,0,0,1,0,0,1,11001001,59,37
C1=CCC1,155,1686,0,0,0,0,1,0,0,1,00001001,28,5
C1=COCOC1,156,1618,0,0,2,0,1,0,0,1,00101001,26,11
C1CC2CNCC1O2,157,1589,1,0,1,0,0,0,0,2,10100001,33,30
C1CSNCN1,158,1465,2,1,0,0,0,0,0,1,11000001,24,34
C1=NCCC1,159,1439,1,0,0,0,1,0,0,1,10001001,123,27
C1=NCNN=C1,160,1397,3,0,0,0,2,0,0,1,10001001,123,27
NO,161,1377,1,0,1,0,0,0,0,0,10100000,1,29
C1CC2CNC(C1)C2,162,1244,1,0,0,0,0,0,0,2,10000001,63,23
C1=NCC=NN1,163,1235,3,0,0,0,2,0,0,1,10001001,123,27
C1=NCNCN1,164,1192,3,0,0,0,1,0,0,1,10001001,123,27
C1NCC2CNCC1C2,165,1112,2,0,0,0,0,0,0,2,10000001,63,23
C1=CN=NNC1,166,1108,3,0,0,0,2,0,0,1,10001001,123,27
C1=NCCSN1,167,1075,2,1,0,0,1,0,0,1,11001001,59,37
C1=NC=NCN1,168,1036,3,0,0,0,2,0,0,1,10001001,123,27
C1=COCCCO1,169,1004,0,0,2,0,1,0,0,1,00101001,26,11
C1=CSCCC1,170,942,0,1,0,0,1,0,0,1,01001001,12,17
C1=CNCCNC1,171,928,2,0,0,0,1,0,0,1,10001001,123,27
C1CC2CCC(C1)N2,172,891,1,0,0,0,0,0,0,2,10000001,63,23
C1=COCCCN1,173,785,1,0,1,0,1,0,0,1,10101001,33,32
C1NCNN1,174,758,3,0,0,0,0,0,0,1,10000001,63,23
C1=NCCCNC1,175,747,2,0,0,0,1,0,0,1,10001001,123,27
C1=NCNN1,176,731,3,0,0,0,1,0,0,1,10001001,123,27
C1=CN=NCC1,177,725,2,0,0,0,2,0,0,1,10001001,123,27
C1=NCCNCC1,178,709,2,0,0,0,1,0,0,1,10001001,123,27
C1=CNSCC1,179,705,1,1,0,0,1,0,0,1,11001001,59,37
C1=NCNC1,180,691,2,0,0,0,1,0,0,1,10001001,123,27
C1=NCCCO1,181,686,1,0,1,0,1,0,0,1,10101001,33,32
C1=CC2CCC1O2,182,685,0,0,1,0,1,0,0,2,00101001,26,11
C1=CNSC1,183,662,1,1,0,0,1,0,0,1,11001001,59,37
C1CC2CCC(CN1)N2,184,658,2,0,0,0,0,0,0,2,10000001,63,23
C1=CCNNC1,185,649,2,0,0,0,1,0,0,1,10001001,123,27
C1=NCCOC1,186,620,1,0,1,0,1,0,0,1,10101001,33,32
C1CNSNC1,187,603,2,1,0,0,0,0,0,1,11000001,24,34
C1=CN=NC=N1,188,601,3,0,0,0,0,0,1,0,10000010,21,24
C1=CNNCC1,189,570,2,0,0,0,1,0,0,1,10001001,123,27
C1CC2CCCC(C1)C2,190,563,0,0,0,0,0,0,0,2,00000001,18,1
C1CSCNN1,191,556,2,1,0,0,0,0,0,1,11000001,24,34
C1=CNCCN=C1,192,533,2,0,0,0,2,0,0,1,10001001,123,27
C1=NC=NC1,193,490,2,0,0,0,2,0,0,1,10001001,123,27
C1=CCSNC1,194,485,1,1,0,0,1,0,0,1,11001001,59,37
C1CSN=N1,195,468,2,1,0,0,1,0,0,1,11001001,59,37
C1=CN=COC1,196,449,1,0,1,0,2,0,0,1,10101001,33,32
C1C2CN3CC1CN(C2)C3,197,444,2,0,0,0,0,0,0,4,10000001,63,23
C1COC2CCC(C2)N1,198,424,1,0,1,0,0,0,0,2,10100001,33,30
C1=NNCSC1,199,420,2,1,0,0,1,0,0,1,11001001,59,37
C1=NCCCC1,200,413,1,0,0,0,1,0,0,1,10001001,123,27
C1CNSN1,201,399,2,1,0,0,0,0,0,1,11000001,24,34
C1CC2CCOC(C2)N1,202,389,1,0,1,0,0,0,0,2,10100001,33,30
C1=CONC1,203,386,1,0,1,0,1,0,0,1,10101001,33,32
C1=NC=NNC1,204,377,3,0,0,0,2,0,0,1,10001001,123,27
C1CC2CC(C1)C2,205,361,0,0,0,0,0,0,0,3,00000001,18,1
C1=COCCCC1,206,348,0,0,1,0,1,0,0,1,00101001,26,11
C1COCSN1,207,342,1,1,1,0,0,0,0,1,11100001,3,38
C1=CCC=CC1,208,342,0,0,0,0,2,0,0,1,00001001,28,5
C1NC2CCOC(C2)N1,209,338,2,0,1,0,0,0,0,2,10100001,33,30
C1=CCSCC1,210,320,0,1,0,0,1,0,0,1,01001001,12,17
C1=COCCNC1,211,319,1,0,1,0,1,0,0,1,10101001,33,32
C1OC2CC3CC1C2C3,212,313,0,0,1,0,0,0,0,3,00100001,29,8
C1=NCN=C1,213,307,2,0,0,0,2,0,0,1,10001001,123,27
C1NC2CC3CC1CC(C3)C2,214,304,1,0,0,0,0,0,0,4,10000001,63,23
C1=CCOCCC1,215,299,0,0,1,0,1,0,0,1,00101001,26,11
C1CC2CCC1CC2,216,295,0,0,0,0,0,0,0,3,00000001,18,1
C1=CSCCN1,217,280,1,1,0,0,1,0,0,1,11001001,59,37
C1=CNCCCC1,218,267,1,0,0,0,1,0,0,1,10001001,123,27
C1=NCN=CO1,219,262,2,0,1,0,2,0,0,1,10101001,33,32
C1=CSCNC1,220,253,1,1,0,0,1,0,0,1,11001001,59,37
C1=CC2CC(C1)C2,221,250,0,0,0,0,1,0,0,3,00001001,28,5
C1=CC=CCC=C1,222,247,0,0,0,0,3,0,0,1,00001001,28,5
C1CNSCCN1,223,243,2,1,0,0,0,0,0,1,11000001,24,34
C1CCOCNC1,224,231,1,0,1,0,0,0,0,1,10100001,33,30
C1=COCNC1,225,210,1,0,1,0,1,0,0,1,10101001,33,32
C1=NCN=CN1,226,209,3,0,0,0,2,0,0,1,10001001,123,27
C1CC2C3CC1C2CO3,227,206,0,0,1,0,0,0,0,3,00100001,29,8
C1CSCCO1,228,197,0,1,1,0,0,0,0,1,01100001,7,19
C1CC2CNCC1C2,229,196,1,0,0,0,0,0,0,2,10000001,63,23
C1=CNSN=C1,230,186,2,1,0,0,2,0,0,1,11001001,59,37
C1=CCC=C1,231,185,0,0,0,0,2,0,0,1,00001001,28,5
C1CC2CCC1N2,232,181,1,0,0,0,0,0,0,2,10000001,63,23
C1=CC2CCC(C1)N2,233,177,1,0,0,0,1,0,0,2,10001001,123,27
N=S,234,169,1,1,0,0,1,0,0,0,11001000,1,36
C1=CNOC1,235,161,1,0,1,0,1,0,0,1,10101001,33,32
C1CC2CCCC(C1)N2,236,158,1,0,0,0,0,0,0,2,10000001,63,23
C1OC2CNC1C2,237,158,1,0,1,0,0,0,0,2,10100001,33,30
C1=CCCCC=C1,238,157,0,0,0,0,2,0,0,1,00001001,28,5
C1N=NNCN1,239,149,4,0,0,0,1,0,0,1,10001001,123,27
C1=NCCCS1,240,142,1,1,0,0,1,0,0,1,11001001,59,37
C1CC2CNCC(C1)C2,241,138,1,0,0,0,0,0,0,2,10000001,63,23
C1=CC2CCC1CC2,242,133,0,0,0,0,1,0,0,3,00001001,28,5
C1=NCOC1,243,133,1,0,1,0,1,0,0,1,10101001,33,32
C1CC2NCC1CN2,244,132,2,0,0,0,0,0,0,3,10000001,63,23
C1CC2COCC1N2,245,131,1,0,1,0,0,0,0,2,10100001,33,30
C1NC2CNC1C2,246,131,2,0,0,0,0,0,0,2,10000001,63,23
C1CC2COC(C1)O2,247,130,0,0,2,0,0,0,0,2,00100001,29,8
C1=CCCC=CC1,248,125,0,0,0,0,2,0,0,1,00001001,28,5
C1=CC2C=CC1CC2,249,120,0,0,0,0,2,0,0,3,00001001,28,5
C1=CC2CC(NCN2)O1,250,119,2,0,1,0,1,0,0,2,10101001,33,32
C1CC2CCC(C1)C2,251,116,0,0,0,0,0,0,0,2,00000001,18,1
C1CC2C3CC1C2CN3,252,114,1,0,0,0,0,0,0,3,10000001,63,23
C1=NCCN=N1,253,112,3,0,0,0,2,0,0,1,10001001,123,27
C1=CNC=CNC1,254,107,2,0,0,0,2,0,0,1,10001001,123,27
C1=CC2COCC(C1)C2,255,107,0,0,1,0,1,0,0,2,00101001,26,11
C1NCSN1,256,104,2,1,0,0,0,0,0,1,11000001,24,34
C1CCCSCC1,257,104,0,1,0,0,0,0,0,1,01000001,5,14
C1=CNCOC1,258,103,1,0,1,0,1,0,0,1,10101001,33,32
C1CC2CNCC1N2,259,102,2,0,0,0,0,0,0,2,10000001,63,23
C1=NCCCCC1,260,100,1,0,0,0,1,0,0,1,10001001,123,27
C1CC2COC(C1)C2,261,97,0,0,1,0,0,0,0,2,00100001,29,8
C1=NNSC1,262,96,2,1,0,0,1,0,0,1,11001001,59,37
C1=CC2CC1CN2,263,96,1,0,0,0,1,0,0,2,10001001,123,27
C1CC2CCC1CN2,264,95,1,0,0,0,0,0,0,3,10000001,63,23
C1COCCSN1,265,95,1,1,1,0,0,0,0,1,11100001,3,38
C1CCNCNC1,266,87,2,0,0,0,0,0,0,1,10000001,63,23
C1=CC2CCC1NN2,267,85,2,0,0,0,1,0,0,3,10001001,123,27
C1=CSNCC1,268,84,1,1,0,0,1,0,0,1,11001001,59,37
C1CSNS1,269,83,1,2,0,0,0,0,0,1,11000001,24,34
C1=NCCOCC1,270,81,1,0,1,0,1,0,0,1,10101001,33,32
C1=NCCSC1,271,80,1,1,0,0,1,0,0,1,11001001,59,37
C1CNCN=N1,272,80,3,0,0,0,1,0,0,1,10001001,123,27
C1=NCC=NCC1,273,80,2,0,0,0,2,0,0,1,10001001,123,27
C1NC2CC1C2,274,80,1,0,0,0,0,0,0,3,10000001,63,23
C1=CSNCN1,275,74,2,1,0,0,1,0,0,1,11001001,59,37
C1=CNSC=C1,276,71,1,1,0,0,2,0,0,1,11001001,59,37
C1NNCS1,277,70,2,1,0,0,0,0,0,1,11000001,24,34
C1CC2CNCC(C1)N2,278,70,2,0,0,0,0,0,0,2,10000001,63,23
C1=CCSC1,279,68,0,1,0,0,1,0,0,1,01001001,12,17
C1=CN=CSC1,280,63,1,1,0,0,2,0,0,1,11001001,59,37
C1=CNCCCN1,281,60,2,0,0,0,1,0,0,1,10001001,123,27
C1=NN=CN=N1,282,57,4,0,0,0,0,0,1,0,10000010,21,24
C1=NC2CC(C1)CN2,283,54,2,0,0,0,1,0,0,2,10001001,123,27
C1=CCCNC=C1,284,54,1,0,0,0,2,0,0,1,10001001,123,27
C1=CSCO1,285,53,0,1,1,0,1,0,0,1,01101001,3,21
C1=CSCS1,286,51,0,2,0,0,1,0,0,1,01001001,12,17
C1CSCO1,287,50,0,1,1,0,0,0,0,1,01100001,7,19
C1CC2COCC(C1)N2,288,47,1,0,1,0,0,0,0,2,10100001,33,30
C1CCNSCC1,289,47,1,1,0,0,0,0,0,1,11000001,24,34
C1NCC2CC1CN2,290,46,2,0,0,0,0,0,0,2,10000001,63,23
C1NCC2COCC1N2,291,46,2,0,1,0,0,0,0,2,10100001,33,30
C1=NCNS1,292,45,2,1,0,0,1,0,0,1,11001001,59,37
C1CNNCN1,293,45,3,0,0,0,0,0,0,1,10000001,63,23
C1=CC1,294,43,0,0,0,0,1,0,0,1,00001001,28,5
C1=CC2C3NSC2C13,295,43,1,1,0,0,1,0,0,5,11001001,59,37
C1=CCC2CCC(C1)N2,296,42,1,0,0,0,1,0,0,2,10001001,123,27
C1CCOCOC1,297,42,0,0,2,0,0,0,0,1,00100001,29,8
C1=NCN=CC1,298,41,2,0,0,0,2,0,0,1,10001001,123,27
C1=CSN=CN1,299,40,2,1,0,0,2,0,0,1,11001001,59,37
C1=CC2CCNC(C1)C2,300,40,1,0,0,0,1,0,0,2,10001001,123,27
C1CSNSC1,301,40,1,2,0,0,0,0,0,1,11000001,24,34
C1=CSCCNC1,302,40,1,1,0,0,1,0,0,1,11001001,59,37
C1=CSNC=N1,303,40,2,1,0,0,2,0,0,1,11001001,59,37
C1NCON1,304,39,2,0,1,0,0,0,0,1,10100001,33,30
C1=CCCOCC1,305,39,0,0,1,0,1,0,0,1,00101001,26,11
C1CSN1,306,38,1,1,0,0,0,0,0,1,11000001,24,34
C1=NSNCN1,307,37,3,1,0,0,1,0,0,1,11001001,59,37
C1=CN=NN=C1,308,37,3,0,0,0,0,0,1,0,10000010,21,24
C1=CSC=CS1,309,36,0,2,0,0,2,0,0,1,01001001,12,17
C1=NC2CC(C1)CCO2,310,36,1,0,1,0,1,0,0,2,10101001,33,32
C1=CC2CCCC(C1)C2,311,35,0,0,0,0,1,0,0,2,00001001,28,5
C1CC2CCC(C1)O2,312,33,0,0,1,0,0,0,0,2,00100001,29,8
C1=CSC=NC1,313,33,1,1,0,0,2,0,0,1,11001001,59,37
C1=CC2CCCCC(CC1)C2,314,32,0,0,0,0,1,0,0,2,00001001,28,5
C1=CNC=CN1,315,32,2,0,0,0,2,0,0,1,10001001,123,27
C1=NCCCCN1,316,31,2,0,0,0,1,0,0,1,10001001,123,27
C1NCC2CNCC1O2,317,30,2,0,1,0,0,0,0,2,10100001,33,30
C1=NCC=NC1,318,29,2,0,0,0,2,0,0,1,10001001,123,27
C1=CCSC=C1,319,29,0,1,0,0,2,0,0,1,01001001,12,17
C1=NCCSCC1,320,29,1,1,0,0,1,0,0,1,11001001,59,37
C1=CSCCCN1,321,29,1,1,0,0,1,0,0,1,11001001,59,37
C1NCSCN1,322,29,2,1,0,0,0,0,0,1,11000001,24,34
C1=COCCOC1,323,29,0,0,2,0,1,0,0,1,00101001,26,11
C1=CC2CC1NN2,324,27,2,0,0,0,1,0,0,2,10001001,123,27
C1=CC2C=CC1NN2,325,27,2,0,0,0,2,0,0,3,10001001,123,27
C1=CC2CCOC(C2)N1,326,27,1,0,1,0,1,0,0,2,10101001,33,32
C1=CSCCCC1,327,26,0,1,0,0,1,0,0,1,01001001,12,17
C1CNOC1,328,26,1,0,1,0,0,0,0,1,10100001,33,30
C1CSCS1,329,26,0,2,0,0,0,0,0,1,01000001,5,14
C1=CCNC=CC1,330,25,1,0,0,0,2,0,0,1,10001001,123,27
C1=CC2CC1C2,331,25,0,0,0,0,1,0,0,3,00001001,28,5
C1=NCC2CCCC1C2,332,24,1,0,0,0,1,0,0,2,10001001,123,27
C1OC2COC1C2,333,24,0,0,2,0,0,0,0,2,00100001,29,8
C1=CC=CNC=C1,334,24,1,0,0,0,3,0,0,1,10001001,123,27
C1=CN=CCNC1,335,24,2,0,0,0,2,0,0,1,10001001,123,27
C1=CSNCS1,336,24,1,2,0,0,1,0,0,1,11001001,59,37
C1=NSN=CO1,337,24,2,1,1,0,2,0,0,1,11101001,5,39
N1C2NC3NC4NC3NC2NC14,338,24,6,0,0,0,0,0,0,5,10000001,63,23
C1CC2C3CC1CC23,339,23,0,0,0,0,0,0,0,4,00000001,18,1
C1=NN=NS1,340,22,3,1,0,0,0,0,1,0,11000010,7,35
C1CN2CCC1CC2,341,22,1,0,0,0,0,0,0,3,10000001,63,23
C1CC2CCNC(C1)C2,342,21,1,0,0,0,0,0,0,2,10000001,63,23
C1CC2CCC1CO2,343,20,0,0,1,0,0,0,0,3,00100001,29,8
C1=NSCO1,344,19,1,1,1,0,1,0,0,1,11101001,5,39
C1CCC2CCCC(C1)N2,345,19,1,0,0,0,0,0,0,2,10000001,63,23
C1=COCC=N1,346,19,1,0,1,0,2,0,0,1,10101001,33,32
C1=COC=NC1,347,19,1,0,1,0,2,0,0,1,10101001,33,32
C1=CNCCSC1,348,18,1,1,0,0,1,0,0,1,11001001,59,37
C1=CC2CCNC(C2)O1,349,18,1,0,1,0,1,0,0,2,10101001,33,32
C1COCSC1,350,18,0,1,1,0,0,0,0,1,01100001,7,19
C1=NCCNN1,351,18,3,0,0,0,1,0,0,1,10001001,123,27
C1=CC=C1,352,18,0,0,0,0,2,0,0,1,00001001,28,5
C1=CN=CN=CC1,353,18,2,0,0,0,3,0,0,1,10001001,123,27
C1CC2CCC(C2)O1,354,18,0,0,1,0,0,0,0,2,00100001,29,8
C1CCC2CCC(C1)C2,355,17,0,0,0,0,0,0,0,2,00000001,18,1
C1CC2CNCC(C1)NC2,356,17,2,0,0,0,0,0,0,2,10000001,63,23
C1CSNCS1,357,17,1,2,0,0,0,0,0,1,11000001,24,34
C1=CC2C=CC1C2,358,17,0,0,0,0,2,0,0,2,00001001,28,5
C1=CC2CCNC(CC1)C2,359,16,1,0,0,0,1,0,0,2,10001001,123,27
C1=NCOCC1,360,16,1,0,1,0,1,0,0,1,10101001,33,32
C1=CC2CCCC1O2,361,16,0,0,1,0,1,0,0,2,00101001,26,11
C1=NCCN=CC1,362,15,2,0,0,0,2,0,0,1,10001001,123,27
C1C2CC3CC1OC(O2)O3,363,15,0,0,3,0,0,0,0,4,00100001,29,8
C1=CSCCCS1,364,15,0,2,0,0,1,0,0,1,01001001,12,17
C1=NCSC1,365,15,1,1,0,0,1,0,0,1,11001001,59,37
OCl,366,14,0,0,1,1,0,0,0,0,00110000,2,12
C1CC2CNC(C2)N1,367,14,2,0,0,0,0,0,0,2,10000001,63,23
C1=CC2CC(C1)CN2,368,14,1,0,0,0,1,0,0,2,10001001,123,27
C1C2CC3OC1CC3O2,369,14,0,0,2,0,0,0,0,4,00100001,29,8
C1CC2CNC(C2)O1,370,14,1,0,1,0,0,0,0,2,10100001,33,30
C1CCC2C3CCC2C(C1)C3,371,14,0,0,0,0,0,0,0,3,00000001,18,1
C1NCC2COCC1C2,372,13,1,0,1,0,0,0,0,2,10100001,33,30
C1COSN1,373,13,1,1,1,0,0,0,0,1,11100001,3,38
C1CC2OCC3CCC(O1)C2C3,374,13,0,0,2,0,0,0,0,3,00100001,29,8
C1C[SH]=NS1,375,13,1,2,0,0,1,0,0,1,11001001,59,37
C1OC2C3OC4C1C1OC2C3OCC41,376,13,0,0,4,0,0,0,0,6,00100001,29,8
C1=CNSNC1,377,13,2,1,0,0,1,0,0,1,11001001,59,37
C1=NSN=C1,378,13,2,1,0,0,0,0,1,0,11000010,7,35
C=S,379,13,0,1,0,0,1,0,0,0,01001000,1,16
C1C2CC3C1OC1NCC2C13,380,12,1,0,1,0,0,0,0,4,10100001,33,30
C1=CN=CCN=C1,381,12,2,0,0,0,3,0,0,1,10001001,123,27
C1NCN2CNCC1C2,382,12,3,0,0,0,0,0,0,2,10000001,63,23
C1=CNCSC1,383,12,1,1,0,0,1,0,0,1,11001001,59,37
C1CC2CC3CC1CC(C2)C3,384,12,0,0,0,0,0,0,0,4,00000001,18,1
C1=CC=COC=C1,385,12,0,0,1,0,3,0,0,1,00101001,26,11
C1=CC2C=CC1N2,386,12,1,0,0,0,2,0,0,2,10001001,123,27
C1=NSN=CC1,387,12,2,1,0,0,2,0,0,1,11001001,59,37
C1=NCC1,388,11,1,0,0,0,1,0,0,1,10001001,123,27
C1=CSNCCN1,389,11,2,1,0,0,1,0,0,1,11001001,59,37
C1=CCNC=NC1,390,11,2,0,0,0,2,0,0,1,10001001,123,27
C1=C[NH][NH]1,391,11,2,0,0,0,0,0,1,0,10000010,21,24
C1=NNCCCC1,392,11,2,0,0,0,1,0,0,1,10001001,123,27
C1=CCC=NC=C1,393,11,1,0,0,0,3,0,0,1,10001001,123,27
C1=CC2C=CC1O2,394,11,0,0,1,0,2,0,0,2,00101001,26,11
C1=C[SH]=NC=N1,395,10,2,1,0,0,3,0,0,1,11001001,59,37
C1=CCCOC=C1,396,10,0,0,1,0,2,0,0,1,00101001,26,11
C1=NSCCS1,397,10,1,2,0,0,1,0,0,1,11001001,59,37
C1NCN1,398,10,2,0,0,0,0,0,0,1,10000001,63,23
C1=NSNC1,399,10,2,1,0,0,1,0,0,1,11001001,59,37
C1=CSC=CC1,400,10,0,1,0,0,2,0,0,1,01001001,12,17
C1CC2CCNC(C2)N1,401,10,2,0,0,0,0,0,0,2,10000001,63,23
C1CC2CNC(C1)N2,402,10,2,0,0,0,0,0,0,2,10000001,63,23
C1=CSCC=NC1,403,10,1,1,0,0,2,0,0,1,11001001,59,37
C1=NNNC1,404,10,3,0,0,0,1,0,0,1,10001001,123,27
C1OC2OCC1CO2,405,10,0,0,3,0,0,0,0,3,00100001,29,8
C1CSCNCN1,406,10,2,1,0,0,0,0,0,1,11000001,24,34
C1CN2C3CC4CC(C1C3)C2C4,407,9,1,0,0,0,0,0,0,5,10000001,63,23
C1=CSCNN1,408,9,2,1,0,0,1,0,0,1,11001001,59,37
C1CCONC1,409,9,1,0,1,0,0,0,0,1,10100001,33,30
C1CC2CCC(N1)O2,410,9,1,0,1,0,0,0,0,2,10100001,33,30
C1=CC2CCC1CN2,411,9,1,0,0,0,1,0,0,3,10001001,123,27
C1=NSNCC1,412,9,2,1,0,0,1,0,0,1,11001001,59,37
C1=CCC2CC(C=CN2)C1,413,9,1,0,0,0,2,0,0,2,10001001,123,27
C1=NNCNCC1,414,9,3,0,0,0,1,0,0,1,10001001,123,27
C1=COCCN=C1,415,9,1,0,1,0,2,0,0,1,10101001,33,32
C1=CNCN=CC1,416,9,2,0,0,0,2,0,0,1,10001001,123,27
C1NCNSN1,417,9,3,1,0,0,0,0,0,1,11000001,24,34
C1=CSC=CNC1,418,9,1,1,0,0,2,0,0,1,11001001,59,37
C1CC2OC3CC1CC2O3,419,9,0,0,2,0,0,0,0,3,00100001,29,8
C1=CSC=CO1,420,8,0,1,1,0,2,0,0,1,01101001,3,21
C1CC2CC(C1)N2,421,8,1,0,0,0,0,0,0,3,10000001,63,23
C1NCC2CC1C2,422,8,1,0,0,0,0,0,0,3,10000001,63,23
C1=NNCSCC1,423,8,2,1,0,0,1,0,0,1,11001001,59,37
C1=CCSOC1,424,8,0,1,1,0,1,0,0,1,01101001,3,21
C1C2CN3CCN(C2)CC1C3,425,8,2,0,0,0,0,0,0,4,10000001,63,23
C1=CN=CCC=N1,426,8,2,0,0,0,3,0,0,1,10001001,123,27
C1=NCNNC1,427,8,3,0,0,0,1,0,0,1,10001001,123,27
NBr,428,8,1,0,0,1,0,0,0,0,10010000,1,28
C1=CSN=CS1,429,8,1,2,0,0,2,0,0,1,11001001,59,37
C1COSCSO1,430,8,0,2,2,0,0,0,0,1,01100001,7,19
C1CC2CCC(O1)O2,431,8,0,0,2,0,0,0,0,2,00100001,29,8
C1=NC=NCCC1,432,8,2,0,0,0,2,0,0,1,10001001,123,27
C1=NC=N[SH]=N1,433,8,3,1,0,0,3,0,0,1,11001001,59,37
C1=CN=N[SH]=C1,434,8,2,1,0,0,3,0,0,1,11001001,59,37
C1CC2CC(O1)C1OCC2O1,435,8,0,0,3,0,0,0,0,3,00100001,29,8
C1=CNCCC=N1,436,8,2,0,0,0,2,0,0,1,10001001,123,27
C1CCSCNC1,437,8,1,1,0,0,0,0,0,1,11000001,24,34
C1CC2NCC1NN2,438,7,3,0,0,0,0,0,0,3,10000001,63,23
C1=CC2CCC(C2)N1,439,6,1,0,0,0,1,0,0,2,10001001,123,27
C1=CCNNCC1,440,6,2,0,0,0,1,0,0,1,10001001,123,27
C1CC2COCC(C1)C2,441,6,0,0,1,0,0,0,0,2,00100001,29,8
C1=CNCCOC1,442,6,1,0,1,0,1,0,0,1,10101001,33,32
C1CC2CC1NN2,443,6,2,0,0,0,0,0,0,2,10000001,63,23
C1=CCN=CCC1,444,6,1,0,0,0,2,0,0,1,10001001,123,27
C1C2CC1C2,445,6,0,0,0,0,0,0,0,3,00000001,18,1
C1CC2CCC1NN2,446,6,2,0,0,0,0,0,0,3,10000001,63,23
C1=CCN=CC1,447,6,1,0,0,0,2,0,0,1,10001001,123,27
C1=CC2CCCC(C1)N2,448,6,1,0,0,0,1,0,0,2,10001001,123,27
C1CC2CCCC(C1)O2,449,6,0,0,1,0,0,0,0,2,00100001,29,8
C1=NOCCC1,450,6,1,0,1,0,1,0,0,1,10101001,33,32
C1CC2C3NNC2C1O3,451,6,2,0,1,0,0,0,0,3,10100001,33,30
C1=CCOCOC1,452,5,0,0,2,0,1,0,0,1,00101001,26,11
C1=CSCNN=C1,453,5,2,1,0,0,2,0,0,1,11001001,59,37
C1CCC2CCCC(C1)C2,454,5,0,0,0,0,0,0,0,2,00000001,18,1
C1=CC2C=CC(C=C1)C2,455,5,0,0,0,0,3,0,0,2,00001001,28,5
C1CN2C3CC4CC1CC2C4O3,456,5,1,0,1,0,0,0,0,4,10100001,33,30
C1CN2CCC3CC1CC2C3,457,5,1,0,0,0,0,0,0,3,10000001,63,23
C1=CSN=CO1,458,5,1,1,1,0,2,0,0,1,11101001,5,39
C1=NC=NSO1,459,5,2,1,1,0,2,0,0,1,11101001,5,39
C1=COCSN1,460,5,1,1,1,0,1,0,0,1,11101001,5,39
C1COCCSC1,461,5,0,1,1,0,0,0,0,1,01100001,7,19
C1NCS1,462,5,1,1,0,0,0,0,0,1,11000001,24,34
C1=NC=NCCN1,463,5,3,0,0,0,2,0,0,1,10001001,123,27
C1=CC2CC(O1)C1OCC2O1,464,5,0,0,3,0,1,0,0,3,00101001,26,11
C1CC2NC(CCS2)S1,465,5,1,2,0,0,0,0,0,2,11000001,24,34
C1NN=NS1,466,4,3,1,0,0,1,0,0,1,11001001,59,37
C1=CCC2CC(C1)C2,467,4,0,0,0,0,1,0,0,3,00001001,28,5
C1NCC2COCC1CN2,468,4,2,0,1,0,0,0,0,2,10100001,33,30
OBr,469,4,0,0,1,1,0,0,0,0,00110000,2,12
C1CC2COCC(CN1)N2,470,4,2,0,1,0,0,0,0,2,10100001,33,30
C1CC2CCC1CNC2,471,4,1,0,0,0,0,0,0,3,10000001,63,23
C1=CC2CCCN(C1)C2,472,4,1,0,0,0,1,0,0,2,10001001,123,27
C1=CC2COCC(C1)N2,473,4,1,0,1,0,1,0,0,2,10101001,33,32
C1=CC2CCCC1C2,474,4,0,0,0,0,1,0,0,2,00001001,28,5
C1=CONCNN1,475,4,3,0,1,0,1,0,0,1,10101001,33,32
C1CCN=NC1,476,4,2,0,0,0,1,0,0,1,10001001,123,27
C1CC2CNC1CN2,477,4,2,0,0,0,0,0,0,3,10000001,63,23
C1=CO1,478,4,0,0,1,0,1,0,0,1,00101001,26,11
C1=CSCCS1,479,4,0,2,0,0,1,0,0,1,01001001,12,17
C1NC2CC(CO2)O1,480,4,1,0,2,0,0,0,0,2,10100001,33,30
C1=CC2CCC(O1)O2,481,3,0,0,2,0,1,0,0,2,00101001,26,11
C1=CNNCN=C1,482,3,3,0,0,0,2,0,0,1,10001001,123,27
C1=CCOC=CC1,483,3,0,0,1,0,2,0,0,1,00101001,26,11
C1NNCO1,484,3,2,0,1,0,0,0,0,1,10100001,33,30
C1=NCCCSC1,485,3,1,1,0,0,1,0,0,1,11001001,59,37
C1=CNCNN=C1,486,3,3,0,0,0,2,0,0,1,10001001,123,27
C1NCC2OCC1O2,487,3,1,0,2,0,0,0,0,2,10100001,33,30
C1CC2CC(N1)C1COC2O1,488,3,1,0,2,0,0,0,0,3,10100001,33,30
C1=NN=COC1,489,3,2,0,1,0,2,0,0,1,10101001,33,32
C1=NC=NCS1,490,3,2,1,0,0,2,0,0,1,11001001,59,37
C1=CSCCN=C1,491,3,1,1,0,0,2,0,0,1,11001001,59,37
[NH]1[NH][NH]1,492,3,3,0,0,0,0,0,1,0,10000010,21,24
C1CNN1,493,3,2,0,0,0,0,0,0,1,10000001,63,23
C1CCN2CCCC(C1)C2,494,3,1,0,0,0,0,0,0,2,10000001,63,23
C1CC2CCC3CC1NC23,495,3,1,0,0,0,0,0,0,3,10000001,63,23
C1C2CC3CC(CC1O3)N2,496,3,1,0,1,0,0,0,0,4,10100001,33,30
C1CC2CCC(C1)CNC2,497,3,1,0,0,0,0,0,0,2,10000001,63,23
C1CCC2CC(C1)C2,498,3,0,0,0,0,0,0,0,3,00000001,18,1
C1=C2CCCCC1C2,499,3,0,0,0,0,1,0,0,3,00001001,28,5
C1=CC2CCCC1NN2,500,3,2,0,0,0,1,0,0,3,10001001,123,27
C1=CC2CCC(C1)NN2,501,3,2,0,0,0,1,0,0,3,10001001,123,27
C1=CC2CCCC1CC2,502,3,0,0,0,0,1,0,0,3,00001001,28,5
C1=CC2C=CC(C1)CNC2,503,3,1,0,0,0,2,0,0,2,10001001,123,27
C1=CNSN1,504,2,2,1,0,0,1,0,0,1,11001001,59,37
C1CNCNCN1,505,2,3,0,0,0,0,0,0,1,10000001,63,23
C1=COCCC=N1,506,2,1,0,1,0,2,0,0,1,10101001,33,32
C1=NCCNS1,507,2,2,1,0,0,1,0,0,1,11001001,59,37
[NH]1[NH]O1,508,2,2,0,1,0,0,0,1,0,10100010,6,31
C1=CC2CCN3CC1CC23,509,2,1,0,0,0,1,0,0,3,10001001,123,27
C1=NN=NCC1,510,2,3,0,0,0,2,0,0,1,10001001,123,27
C1=CNN=NC1,511,2,3,0,0,0,2,0,0,1,10001001,123,27
C1=CN=CNCC1,512,2,2,0,0,0,2,0,0,1,10001001,123,27
C1=CC2C=CC(C1)CC2,513,2,0,0,0,0,2,0,0,3,00001001,28,5
C1=CSC1,514,2,0,1,0,0,1,0,0,1,01001001,12,17
C1=COC=CO1,515,2,0,0,2,0,2,0,0,1,00101001,26,11
C1CC2CC3CCN2C(C1)C3,516,2,1,0,0,0,0,0,0,4,10000001,63,23
C1C2CN3CN1CN(C2)C3,517,2,3,0,0,0,0,0,0,4,10000001,63,23
C1=CC=C2CCCCC(=C1)C2,518,2,0,0,0,0,3,0,0,2,00001001,28,5
C1CCSOC1,519,2,0,1,1,0,0,0,0,1,01100001,7,19
C1=CSCNNC1,520,2,2,1,0,0,1,0,0,1,11001001,59,37
C1=CC2CC(N1)C1C=CC2C1,521,2,1,0,0,0,2,0,0,3,10001001,123,27
C1=CSCC=N1,522,2,1,1,0,0,2,0,0,1,11001001,59,37
C1CSCCS1,523,2,0,2,0,0,0,0,0,1,01000001,5,14
C1NC2CC(N1)C1OCC2O1,524,1,2,0,2,0,0,0,0,3,10100001,33,30
C1=NC1,525,1,1,0,0,0,1,0,0,1,10001001,123,27
C1=CCC2CC=CC(C1)C2,526,1,0,0,0,0,2,0,0,2,00001001,28,5
C1COC2CC(N1)C1COC2O1,527,1,1,0,3,0,0,0,0,3,10100001,33,30
C1CN2CCN1CC2,528,1,2,0,0,0,0,0,0,3,10000001,63,23
C1CC2CCCN(C1)C2,529,1,1,0,0,0,0,0,0,2,10000001,63,23
C1CC2OC(CCS2)S1,530,1,0,2,1,0,0,0,0,2,01100001,7,19
C1=CCON=C1,531,1,1,0,1,0,2,0,0,1,10101001,33,32
C1CN2CC3OCC2CC13,532,1,1,0,1,0,0,0,0,5,10100001,33,30
